Year,Week,Brand,ProductTitle,ProductVariantID,Region,State,City,ProductsQuantity,EventsQuantity,StockoutPercentage
2023,9,BubbleWave,Product_58,44031,Central,FL,Springfield,130,20,12.06
2023,11,ZestDrink,Product_21,84360,North,CA,Meadowbrook,106,49,11.12
2023,47,SparkleUp,Product_86,26530,West,CA,Hilltown,211,21,22.66
2024,19,RefreshPlus,Product_17,36831,Central,OH,Hilltown,295,22,2.60
2024,28,FizzCola,Product_94,65001,South,FL,Hilltown,145,74,20.11
2023,19,SparkleUp,Product_88,48740,East,NY,Meadowbrook,302,96,20.50
2023,3,FizzCola,Product_9,69664,South,FL,Hilltown,205,39,8.07
2023,27,BubbleWave,Product_15,33079,Central,TX,Hilltown,466,73,9.52
2024,44,PopMax,Product_31,74077,East,PA,Lakeside,169,22,17.46
2024,24,FizzCola,Product_75,15092,Central,TX,Springfield,489,61,11.48
2024,20,SparkleUp,Product_8,85109,East,TX,Meadowbrook,83,97,21.30
2023,40,RefreshPlus,Product_13,64927,Central,OH,Riverside,357,43,2.45
2024,3,PopMax,Product_10,73264,West,OH,Georgetown,105,41,3.28
2023,40,PopMax,Product_40,70781,East,TX,Georgetown,357,43,14.58
2024,27,SparkleUp,Product_20,45500,North,IL,Hilltown,257,57,13.39
2024,41,PopMax,Product_83,73063,South,NY,Georgetown,353,61,21.37
2023,7,PopMax,Product_88,90130,West,TX,Meadowbrook,406,100,24.51
2023,23,FizzCola,Product_78,15639,Central,TX,Lakeside,63,78,6.97
2023,23,RefreshPlus,Product_8,74382,West,CA,Georgetown,271,78,17.58
2024,50,PopMax,Product_72,20659,South,NY,Riverside,370,32,2.45
2024,15,BubbleWave,Product_4,32541,West,CA,Lakeside,468,88,10.94
2023,14,PopMax,Product_93,38340,Central,PA,Georgetown,70,31,10.95
2023,35,PopMax,Product_64,22658,East,FL,Lakeside,338,22,9.62
2024,33,FizzCola,Product_23,47664,South,TX,Springfield,449,67,9.93
2024,38,BubbleWave,Product_15,69534,Central,PA,Springfield,127,79,16.42
2023,33,FizzCola,Product_77,97233,South,PA,Georgetown,118,85,16.50
2023,28,SparkleUp,Product_22,40041,North,TX,Meadowbrook,118,52,20.09
2024,30,FizzCola,Product_5,19719,East,IL,Riverside,473,18,9.03
2023,15,FizzCola,Product_68,31544,Central,CA,Riverside,324,30,17.35
2023,23,PopMax,Product_10,81326,Central,IL,Meadowbrook,303,43,8.80
2024,34,ZestDrink,Product_7,63612,South,CA,Meadowbrook,79,51,7.55
2024,16,FizzCola,Product_72,92217,East,FL,Springfield,52,32,19.51
2024,24,SparkleUp,Product_93,44856,East,NY,Hilltown,279,95,24.21
2024,4,ZestDrink,Product_37,46407,Central,TX,Springfield,216,69,24.84
2024,38,SparkleUp,Product_2,70951,Central,IL,Hilltown,495,21,15.50
2023,32,SparkleUp,Product_10,39873,Central,CA,Springfield,297,55,15.26
2024,49,FizzCola,Product_31,61662,Central,OH,Hilltown,165,63,3.58
2023,51,PopMax,Product_86,58810,West,PA,Lakeside,196,94,1.50
2024,51,FizzCola,Product_18,25952,North,PA,Lakeside,276,52,13.75
2024,26,RefreshPlus,Product_32,38213,East,IL,Georgetown,320,39,12.92
2024,8,RefreshPlus,Product_36,33223,Central,OH,Hilltown,205,23,20.32
2024,50,CrispSoda,Product_87,84007,East,PA,Georgetown,318,39,1.51
2023,15,FizzCola,Product_30,71013,West,TX,Lakeside,395,97,9.48
2023,48,ZestDrink,Product_87,83596,East,OH,Hilltown,75,13,13.62
2024,52,ZestDrink,Product_47,24050,East,NY,Hilltown,400,58,13.65
2024,51,PopMax,Product_37,18302,Central,FL,Hilltown,419,63,12.63
2024,33,CrispSoda,Product_1,64244,North,FL,Lakeside,139,24,6.13
2024,27,PopMax,Product_31,57618,East,IL,Springfield,251,41,3.84
2023,5,BubbleWave,Product_82,58511,East,IL,Springfield,258,63,5.78
2024,7,ZestDrink,Product_92,54921,West,TX,Springfield,255,33,0.72
2024,31,ZestDrink,Product_39,11322,North,TX,Riverside,374,68,18.03
2023,36,SparkleUp,Product_33,83045,Central,CA,Meadowbrook,353,92,15.21
2023,7,RefreshPlus,Product_75,52332,South,TX,Lakeside,473,93,2.61
2023,51,FizzCola,Product_85,76084,South,TX,Springfield,333,23,0.66
2024,49,CrispSoda,Product_67,44773,North,OH,Hilltown,441,32,12.34
2023,19,FizzCola,Product_82,82940,South,FL,Hilltown,433,54,3.66
2024,10,RefreshPlus,Product_76,68984,Central,NY,Hilltown,261,30,3.38
2023,48,BubbleWave,Product_98,24506,South,PA,Riverside,321,24,2.15
2024,25,PopMax,Product_66,22449,North,CA,Hilltown,111,11,2.70
2023,12,SparkleUp,Product_46,45113,West,CA,Georgetown,480,45,3.11
2024,15,RefreshPlus,Product_56,27236,East,CA,Hilltown,460,33,9.38
2023,20,SparkleUp,Product_94,15443,West,PA,Riverside,107,72,24.30
2023,20,SparkleUp,Product_82,74940,North,IL,Meadowbrook,154,48,0.37
2023,45,FizzCola,Product_92,90283,North,FL,Meadowbrook,389,67,3.80
2024,28,CrispSoda,Product_20,53503,South,IL,Springfield,175,79,13.60
2023,49,FizzCola,Product_93,81399,Central,CA,Meadowbrook,288,91,18.78
2024,31,RefreshPlus,Product_60,40843,North,NY,Georgetown,129,27,0.31
2023,46,FizzCola,Product_98,66194,West,NY,Riverside,254,33,4.80
2024,35,FizzCola,Product_22,25899,South,TX,Hilltown,50,46,23.07
2023,14,SparkleUp,Product_26,15449,Central,PA,Hilltown,64,32,13.72
2023,23,BubbleWave,Product_1,61872,West,NY,Riverside,225,54,12.40
2024,49,RefreshPlus,Product_64,57793,South,CA,Riverside,456,41,10.11
2024,38,SparkleUp,Product_62,90352,North,IL,Riverside,168,100,23.76
2023,9,PopMax,Product_34,13745,South,OH,Meadowbrook,420,92,19.04
2023,2,ZestDrink,Product_40,51563,West,NY,Hilltown,451,55,19.30
2024,37,SparkleUp,Product_88,61385,South,FL,Riverside,374,50,15.64
2023,48,FizzCola,Product_38,60305,North,PA,Meadowbrook,132,72,14.08
2023,23,PopMax,Product_9,16752,West,NY,Georgetown,54,25,2.48
2023,12,RefreshPlus,Product_2,33817,North,NY,Meadowbrook,286,60,2.40
2023,14,PopMax,Product_14,37818,East,PA,Riverside,181,29,8.68
2024,12,FizzCola,Product_5,76788,North,PA,Riverside,313,65,10.01
2024,7,BubbleWave,Product_99,37237,East,FL,Georgetown,308,91,3.12
2024,33,ZestDrink,Product_16,34415,East,NY,Georgetown,257,49,5.69
2023,51,PopMax,Product_84,56851,South,FL,Riverside,109,28,6.67
2024,46,BubbleWave,Product_87,43097,North,TX,Hilltown,162,93,17.86
2023,19,SparkleUp,Product_79,46740,South,PA,Riverside,204,64,4.15
2023,21,FizzCola,Product_38,36352,Central,PA,Riverside,457,83,11.46
2023,14,ZestDrink,Product_18,66834,West,IL,Meadowbrook,120,52,14.29
2024,45,CrispSoda,Product_77,63088,South,NY,Springfield,416,95,3.25
2024,34,ZestDrink,Product_91,86938,Central,TX,Springfield,137,19,9.58
2023,43,CrispSoda,Product_84,81322,West,IL,Georgetown,73,83,16.81
2024,46,SparkleUp,Product_58,32023,Central,CA,Lakeside,388,87,14.42
2023,15,ZestDrink,Product_64,50134,North,CA,Springfield,97,17,7.80
2024,12,FizzCola,Product_88,11816,Central,TX,Hilltown,246,34,10.22
2024,11,SparkleUp,Product_88,13761,North,CA,Georgetown,277,28,11.26
2024,15,ZestDrink,Product_88,48570,South,NY,Meadowbrook,221,61,15.66
2024,36,PopMax,Product_45,89435,South,FL,Hilltown,381,86,9.67
2023,39,SparkleUp,Product_44,64565,Central,CA,Hilltown,230,64,6.11
2024,15,RefreshPlus,Product_84,52802,South,CA,Meadowbrook,461,80,16.95
2023,38,CrispSoda,Product_13,44006,East,IL,Riverside,136,68,7.79
2024,12,SparkleUp,Product_85,19430,North,FL,Hilltown,109,60,15.79
2023,32,CrispSoda,Product_94,56472,South,IL,Georgetown,275,61,0.08
2024,52,ZestDrink,Product_93,35079,East,IL,Riverside,75,92,6.36
2024,47,CrispSoda,Product_44,71697,North,IL,Georgetown,447,61,0.80
2024,34,BubbleWave,Product_11,32873,West,IL,Lakeside,259,66,22.54
2023,41,CrispSoda,Product_22,10321,North,TX,Georgetown,387,83,5.11
2024,3,RefreshPlus,Product_8,67410,South,OH,Lakeside,131,47,4.85
2023,11,PopMax,Product_9,76845,West,TX,Georgetown,401,87,17.47
2023,17,PopMax,Product_62,11081,East,TX,Hilltown,433,70,18.30
2023,34,CrispSoda,Product_96,50327,South,FL,Meadowbrook,273,69,14.57
2024,7,SparkleUp,Product_40,23169,East,PA,Springfield,61,72,10.71
2024,29,BubbleWave,Product_24,25580,South,PA,Springfield,175,96,15.36
2023,10,CrispSoda,Product_70,70712,East,IL,Riverside,396,80,12.08
2023,39,SparkleUp,Product_30,89454,West,OH,Meadowbrook,134,97,14.81
2024,52,SparkleUp,Product_62,62780,Central,NY,Meadowbrook,230,15,24.52
2023,11,FizzCola,Product_54,51342,North,IL,Riverside,90,17,1.03
2023,35,SparkleUp,Product_23,66243,North,FL,Riverside,202,50,2.44
2024,38,CrispSoda,Product_17,36851,Central,FL,Riverside,113,50,17.10
2023,22,BubbleWave,Product_81,90848,East,IL,Lakeside,358,83,5.15
2024,20,BubbleWave,Product_80,43897,Central,CA,Springfield,162,98,14.95
2023,21,BubbleWave,Product_23,56823,Central,CA,Hilltown,241,24,11.90
2024,19,SparkleUp,Product_20,21345,Central,PA,Georgetown,73,77,9.76
2024,4,FizzCola,Product_40,85574,West,PA,Georgetown,130,17,12.84
2023,6,PopMax,Product_97,81698,West,PA,Lakeside,256,38,13.20
2024,20,ZestDrink,Product_6,37193,Central,FL,Lakeside,433,49,8.27
2024,21,CrispSoda,Product_85,88188,Central,CA,Meadowbrook,55,13,8.63
2023,44,CrispSoda,Product_67,26603,South,OH,Springfield,282,28,2.90
2024,46,RefreshPlus,Product_41,86432,West,NY,Georgetown,79,43,7.05
2024,24,FizzCola,Product_40,18602,Central,FL,Riverside,380,44,16.08
2024,2,PopMax,Product_10,35969,Central,PA,Hilltown,141,44,13.50
2023,22,PopMax,Product_91,10900,South,NY,Lakeside,156,40,20.18
2024,34,RefreshPlus,Product_54,47058,Central,PA,Meadowbrook,475,20,9.40
2024,16,ZestDrink,Product_69,81996,West,FL,Lakeside,341,75,3.90
2023,1,SparkleUp,Product_33,57414,North,OH,Georgetown,162,97,22.63
2024,26,RefreshPlus,Product_36,95130,East,CA,Meadowbrook,242,47,15.92
2024,49,BubbleWave,Product_9,62507,East,TX,Springfield,361,97,9.18
2023,11,CrispSoda,Product_64,65352,Central,IL,Riverside,351,75,4.01
2023,38,RefreshPlus,Product_82,27840,North,IL,Riverside,425,45,12.86
2024,47,BubbleWave,Product_60,32769,Central,NY,Georgetown,396,38,10.19
2024,30,RefreshPlus,Product_75,49342,South,NY,Lakeside,56,31,7.93
2023,44,RefreshPlus,Product_9,99353,West,IL,Lakeside,231,16,15.18
2023,32,BubbleWave,Product_95,15633,South,OH,Lakeside,271,63,23.34
2024,3,SparkleUp,Product_100,11691,West,FL,Meadowbrook,307,83,3.20
2024,20,BubbleWave,Product_32,32670,Central,NY,Lakeside,83,16,18.32
2024,36,ZestDrink,Product_61,46645,South,PA,Springfield,375,48,22.67
2024,44,CrispSoda,Product_35,11180,East,TX,Lakeside,148,15,5.88
2023,35,ZestDrink,Product_35,78251,West,PA,Hilltown,231,57,7.36
2024,37,FizzCola,Product_52,46489,Central,CA,Hilltown,235,61,24.51
2024,45,BubbleWave,Product_19,99783,East,CA,Georgetown,236,98,14.72
2024,23,FizzCola,Product_37,19550,West,OH,Lakeside,125,67,10.40
2023,26,SparkleUp,Product_40,33404,South,PA,Riverside,177,10,10.07
2024,22,SparkleUp,Product_35,95050,South,CA,Riverside,102,36,0.07
2023,7,CrispSoda,Product_10,11709,Central,NY,Springfield,403,29,24.99
2023,34,CrispSoda,Product_3,14835,South,NY,Lakeside,478,12,19.81
2024,19,SparkleUp,Product_6,67781,South,PA,Riverside,464,38,0.36
2023,1,CrispSoda,Product_3,41439,Central,IL,Springfield,147,98,18.07
2024,24,ZestDrink,Product_37,85215,East,OH,Lakeside,204,35,1.83
2023,11,BubbleWave,Product_31,80170,South,NY,Meadowbrook,377,99,14.40
2024,41,BubbleWave,Product_91,20586,South,CA,Georgetown,65,67,7.49
2024,4,CrispSoda,Product_68,25766,Central,PA,Meadowbrook,487,60,12.09
2024,13,SparkleUp,Product_64,36340,South,IL,Meadowbrook,423,54,9.10
2023,19,PopMax,Product_35,23566,West,IL,Riverside,441,99,0.96
2024,26,ZestDrink,Product_23,25324,West,NY,Riverside,463,54,6.33
2023,34,FizzCola,Product_76,38788,North,TX,Hilltown,245,20,11.69
2024,1,ZestDrink,Product_73,66939,South,FL,Lakeside,238,30,12.28
2024,27,RefreshPlus,Product_67,21252,North,FL,Lakeside,173,26,3.11
2024,33,RefreshPlus,Product_16,23087,East,IL,Georgetown,473,60,1.93
2024,1,ZestDrink,Product_15,21437,South,FL,Georgetown,465,76,10.83
2023,1,FizzCola,Product_35,15058,South,TX,Springfield,201,90,19.14
2023,26,RefreshPlus,Product_2,59301,North,PA,Lakeside,407,34,19.93
2024,11,RefreshPlus,Product_100,95598,Central,FL,Riverside,466,40,5.54
2024,15,ZestDrink,Product_31,74042,West,CA,Georgetown,126,89,0.61
2024,25,CrispSoda,Product_3,95815,East,OH,Springfield,378,50,20.10
2023,48,PopMax,Product_49,34390,Central,OH,Springfield,226,32,11.90
2024,15,SparkleUp,Product_84,38412,Central,TX,Lakeside,215,97,19.81
2024,39,SparkleUp,Product_51,74364,South,TX,Lakeside,266,94,19.85
2024,7,ZestDrink,Product_94,75042,South,TX,Hilltown,443,64,23.97
2024,27,CrispSoda,Product_91,92659,Central,TX,Hilltown,180,15,15.06
2023,22,SparkleUp,Product_80,84206,North,FL,Hilltown,320,13,3.50
2024,45,CrispSoda,Product_23,15844,North,IL,Riverside,493,58,23.29
2024,16,FizzCola,Product_13,36882,Central,TX,Hilltown,62,70,12.19
2024,5,BubbleWave,Product_37,38342,North,NY,Springfield,100,17,1.45
2024,35,FizzCola,Product_45,17629,North,IL,Hilltown,322,52,19.22
2024,24,ZestDrink,Product_69,57348,North,IL,Riverside,199,13,19.91
2023,37,RefreshPlus,Product_95,43504,East,IL,Georgetown,274,52,1.69
2023,37,CrispSoda,Product_66,38167,Central,NY,Springfield,128,25,15.61
2023,40,BubbleWave,Product_66,34374,South,PA,Georgetown,459,56,6.67
2023,33,PopMax,Product_76,28508,West,NY,Meadowbrook,268,14,8.28
2023,22,FizzCola,Product_60,68386,East,OH,Meadowbrook,448,64,14.05
2023,48,ZestDrink,Product_38,66262,East,OH,Georgetown,304,56,20.79
2024,47,RefreshPlus,Product_48,54727,North,PA,Meadowbrook,494,17,21.86
2024,25,ZestDrink,Product_20,36005,North,OH,Georgetown,397,43,8.17
2023,44,RefreshPlus,Product_53,67570,South,FL,Riverside,231,89,1.81
2024,24,FizzCola,Product_5,79340,South,OH,Lakeside,168,86,5.69
2024,15,ZestDrink,Product_66,23770,West,OH,Georgetown,195,73,8.57
2023,44,BubbleWave,Product_38,29335,East,PA,Hilltown,263,32,24.91
2024,24,SparkleUp,Product_7,11565,North,FL,Meadowbrook,420,12,11.19
2024,21,PopMax,Product_1,35319,South,IL,Meadowbrook,369,13,13.01
2024,2,SparkleUp,Product_25,54310,East,TX,Lakeside,454,90,4.09
2023,51,PopMax,Product_99,23664,North,NY,Georgetown,377,97,5.88
2023,4,ZestDrink,Product_63,53653,South,PA,Riverside,409,80,6.43
2023,40,PopMax,Product_51,23098,Central,NY,Riverside,55,98,15.13
2023,11,CrispSoda,Product_22,92983,West,IL,Hilltown,161,80,24.16
2023,4,PopMax,Product_46,48318,Central,IL,Springfield,257,70,15.65
2023,28,PopMax,Product_81,90178,Central,IL,Georgetown,308,33,12.29
2023,47,PopMax,Product_35,64725,North,FL,Georgetown,321,92,9.95
2024,28,PopMax,Product_64,22002,Central,FL,Hilltown,179,38,0.35
2023,47,CrispSoda,Product_21,94690,West,CA,Lakeside,264,63,5.01
2023,9,BubbleWave,Product_51,38217,Central,FL,Meadowbrook,229,54,15.84
2023,30,FizzCola,Product_25,94575,East,TX,Riverside,421,87,14.46
2023,26,CrispSoda,Product_100,37009,South,NY,Hilltown,286,74,23.03
2023,34,RefreshPlus,Product_37,91162,East,FL,Riverside,191,62,8.06
2023,9,BubbleWave,Product_49,40727,East,OH,Riverside,154,57,14.39
2024,12,CrispSoda,Product_11,65430,North,CA,Springfield,86,58,23.14
2023,41,ZestDrink,Product_64,44991,East,IL,Hilltown,212,89,9.70
2024,27,PopMax,Product_39,88837,South,PA,Riverside,247,40,23.62
2023,13,FizzCola,Product_98,99157,North,TX,Meadowbrook,205,30,8.63
2024,22,SparkleUp,Product_34,63860,Central,NY,Georgetown,191,49,23.68
2024,39,PopMax,Product_65,99735,South,IL,Springfield,221,94,9.54
2024,22,ZestDrink,Product_47,64306,West,FL,Hilltown,142,57,4.04
2023,29,CrispSoda,Product_47,40369,Central,NY,Lakeside,310,72,21.21
2024,23,BubbleWave,Product_36,21948,East,NY,Lakeside,87,69,5.67
2023,9,PopMax,Product_75,39949,North,CA,Springfield,312,84,4.83
2023,9,CrispSoda,Product_14,29956,South,OH,Lakeside,416,78,15.52
2023,51,PopMax,Product_15,74690,North,OH,Georgetown,421,31,5.86
2023,43,RefreshPlus,Product_9,31629,North,PA,Georgetown,335,72,5.30
2023,41,BubbleWave,Product_53,79686,West,IL,Hilltown,187,59,13.60
2023,15,RefreshPlus,Product_6,71462,North,IL,Georgetown,148,44,10.81
2024,10,SparkleUp,Product_41,98247,Central,CA,Hilltown,239,64,7.44
2024,28,CrispSoda,Product_5,35785,West,TX,Georgetown,125,73,14.92
2024,16,BubbleWave,Product_67,52097,South,PA,Hilltown,469,65,11.61
2024,50,FizzCola,Product_72,85198,North,IL,Hilltown,55,31,2.22
2023,28,ZestDrink,Product_25,69784,West,PA,Riverside,101,86,17.84
2024,8,CrispSoda,Product_31,59202,East,IL,Riverside,193,45,3.75
2023,6,BubbleWave,Product_16,13600,South,CA,Meadowbrook,325,78,7.55
2023,11,ZestDrink,Product_65,31399,Central,IL,Hilltown,223,45,0.88
2023,20,SparkleUp,Product_15,56469,Central,OH,Springfield,417,53,18.90
2024,4,SparkleUp,Product_12,70275,South,CA,Springfield,410,25,10.66
2024,21,RefreshPlus,Product_68,85322,North,TX,Georgetown,148,69,0.60
2023,44,CrispSoda,Product_68,21278,North,IL,Meadowbrook,485,24,24.85
2024,14,ZestDrink,Product_78,99765,North,FL,Meadowbrook,53,98,17.12
2024,14,ZestDrink,Product_36,68079,South,NY,Lakeside,484,23,5.19
2023,12,SparkleUp,Product_54,71658,North,OH,Riverside,185,19,7.65
2024,25,CrispSoda,Product_57,78444,West,TX,Hilltown,257,62,5.95
2023,34,ZestDrink,Product_51,90552,North,CA,Lakeside,306,92,20.93
2024,51,BubbleWave,Product_87,12587,North,TX,Springfield,168,34,16.34
2023,2,CrispSoda,Product_83,90564,East,NY,Springfield,172,80,12.25
2023,20,FizzCola,Product_98,57620,South,CA,Lakeside,76,82,12.06
2023,45,CrispSoda,Product_98,53813,North,FL,Georgetown,106,47,13.63
2024,50,PopMax,Product_77,93637,Central,NY,Georgetown,351,61,14.43
2023,40,RefreshPlus,Product_24,62798,West,PA,Springfield,152,40,15.06
2023,41,PopMax,Product_8,75269,North,NY,Hilltown,83,71,14.53
2023,20,SparkleUp,Product_81,21369,South,OH,Springfield,64,12,13.64
2023,4,RefreshPlus,Product_82,58165,East,IL,Hilltown,114,19,0.66
2023,32,FizzCola,Product_54,21459,Central,PA,Georgetown,476,85,13.97
2023,21,BubbleWave,Product_87,63093,Central,NY,Lakeside,197,92,6.78
2024,15,PopMax,Product_95,64092,North,NY,Riverside,282,64,20.39
2023,35,FizzCola,Product_37,24121,Central,PA,Georgetown,399,75,10.74
2024,46,RefreshPlus,Product_19,48810,North,NY,Hilltown,220,76,19.24
2023,21,ZestDrink,Product_42,27868,South,PA,Meadowbrook,285,41,8.64
2024,50,RefreshPlus,Product_35,31468,West,FL,Hilltown,222,44,4.07
2024,29,PopMax,Product_46,91669,North,NY,Meadowbrook,84,28,10.81
2024,24,CrispSoda,Product_37,18753,West,IL,Lakeside,313,52,4.66
2024,31,FizzCola,Product_40,93527,South,TX,Lakeside,354,60,6.66
2024,49,PopMax,Product_8,67514,South,FL,Hilltown,391,39,19.21
2024,4,ZestDrink,Product_43,19037,North,PA,Georgetown,150,59,11.01
2023,6,BubbleWave,Product_68,39560,West,NY,Riverside,296,91,11.22
2024,45,FizzCola,Product_55,20070,West,IL,Lakeside,295,56,2.54
2023,2,ZestDrink,Product_36,94618,East,TX,Riverside,307,41,19.75
2023,36,SparkleUp,Product_60,44136,South,OH,Hilltown,308,40,11.23
2023,38,FizzCola,Product_58,81047,West,TX,Hilltown,247,28,12.93
2024,14,ZestDrink,Product_5,36678,North,CA,Georgetown,499,10,18.76
2023,39,CrispSoda,Product_19,87227,North,IL,Springfield,267,61,19.84
2024,33,ZestDrink,Product_50,29170,East,CA,Hilltown,441,70,7.11
2024,4,RefreshPlus,Product_94,53845,North,IL,Riverside,367,85,15.72
2024,16,RefreshPlus,Product_35,88615,Central,PA,Hilltown,125,64,5.58
2024,51,ZestDrink,Product_8,34784,North,PA,Georgetown,94,32,9.41
2024,31,BubbleWave,Product_23,47793,Central,TX,Lakeside,73,20,17.90
2023,46,RefreshPlus,Product_56,99796,Central,CA,Springfield,295,97,10.05
2024,44,BubbleWave,Product_83,65355,Central,FL,Hilltown,161,90,21.19
2024,49,FizzCola,Product_78,68064,West,FL,Lakeside,178,100,5.86
2024,12,FizzCola,Product_79,96675,South,IL,Meadowbrook,387,96,12.22
2024,41,CrispSoda,Product_31,86763,North,TX,Hilltown,400,93,17.21
2023,11,ZestDrink,Product_43,43717,East,NY,Georgetown,392,21,19.45
2023,47,PopMax,Product_73,16935,Central,CA,Meadowbrook,82,99,23.28
2024,2,ZestDrink,Product_7,64410,North,TX,Hilltown,490,80,15.24
2024,12,PopMax,Product_82,87276,East,OH,Hilltown,72,81,7.17
2023,3,SparkleUp,Product_90,35016,Central,TX,Georgetown,148,60,22.87
2023,29,SparkleUp,Product_23,92104,West,NY,Riverside,398,15,8.12
2024,12,FizzCola,Product_82,93367,South,OH,Lakeside,382,10,22.82
2023,43,PopMax,Product_65,42424,South,IL,Hilltown,307,89,19.97
2024,50,BubbleWave,Product_94,50478,East,CA,Lakeside,157,81,3.49
2023,6,RefreshPlus,Product_18,15905,West,PA,Meadowbrook,483,49,20.91
2024,36,RefreshPlus,Product_23,11914,North,PA,Meadowbrook,260,35,13.65
2024,4,ZestDrink,Product_82,79861,North,NY,Meadowbrook,361,80,19.81
2023,35,ZestDrink,Product_49,83248,Central,CA,Lakeside,227,48,16.02
2024,11,FizzCola,Product_19,52091,West,CA,Meadowbrook,191,44,23.13
2024,15,SparkleUp,Product_82,65580,West,IL,Georgetown,216,47,17.70
2024,41,PopMax,Product_21,91135,North,CA,Springfield,186,87,14.28
2023,32,CrispSoda,Product_93,31721,South,NY,Lakeside,498,74,23.63
2023,38,CrispSoda,Product_78,91658,West,IL,Riverside,50,47,8.03
2023,19,PopMax,Product_81,94003,West,PA,Riverside,226,17,21.25
2023,28,ZestDrink,Product_12,17444,South,OH,Georgetown,204,73,10.93
2023,11,ZestDrink,Product_36,44326,West,OH,Hilltown,197,48,7.26
2024,45,ZestDrink,Product_67,10202,South,IL,Springfield,437,28,6.31
2024,24,BubbleWave,Product_62,14375,South,OH,Meadowbrook,145,21,2.54
2024,22,ZestDrink,Product_6,77379,West,CA,Meadowbrook,337,38,21.17
2023,11,FizzCola,Product_30,34888,Central,CA,Georgetown,225,91,16.02
2023,22,CrispSoda,Product_20,21205,West,FL,Hilltown,439,88,2.41
2024,22,BubbleWave,Product_87,20450,Central,FL,Meadowbrook,353,56,17.82
2024,19,FizzCola,Product_37,61659,East,CA,Hilltown,257,59,17.97
2023,3,FizzCola,Product_81,14736,North,IL,Riverside,432,23,12.13
2023,51,FizzCola,Product_12,40451,West,NY,Meadowbrook,75,99,9.16
2024,16,RefreshPlus,Product_6,24070,Central,PA,Meadowbrook,256,18,5.21
2024,12,ZestDrink,Product_93,18527,South,IL,Springfield,343,27,21.83
2023,50,FizzCola,Product_38,51608,West,NY,Meadowbrook,228,92,11.98
2024,47,ZestDrink,Product_66,22140,South,CA,Springfield,293,17,16.84
2024,3,SparkleUp,Product_53,83547,South,IL,Lakeside,67,13,24.65
2023,38,SparkleUp,Product_81,74725,West,NY,Hilltown,238,41,14.56
2024,52,RefreshPlus,Product_70,79337,West,OH,Georgetown,305,98,12.53
2023,28,FizzCola,Product_68,48811,West,CA,Lakeside,258,54,10.03
2023,8,FizzCola,Product_70,20277,Central,CA,Springfield,53,32,24.56
2023,31,ZestDrink,Product_4,21277,East,TX,Springfield,59,52,19.87
2024,40,ZestDrink,Product_88,32053,North,FL,Meadowbrook,213,100,23.85
2024,22,SparkleUp,Product_61,91261,East,NY,Hilltown,196,44,7.10
2024,35,ZestDrink,Product_89,61934,Central,OH,Lakeside,259,31,13.05
2023,10,RefreshPlus,Product_4,78839,Central,NY,Springfield,325,77,12.27
2024,51,PopMax,Product_83,68551,West,IL,Lakeside,97,36,16.49
2024,38,BubbleWave,Product_64,10765,West,FL,Hilltown,260,80,21.23
2023,33,CrispSoda,Product_92,52400,East,OH,Meadowbrook,389,33,1.49
2024,52,RefreshPlus,Product_83,24148,West,FL,Georgetown,345,47,18.28
2023,40,BubbleWave,Product_32,50737,Central,NY,Riverside,370,37,8.40
2024,20,ZestDrink,Product_93,17550,West,OH,Georgetown,67,71,2.03
2024,49,FizzCola,Product_34,78485,Central,FL,Riverside,328,77,14.76
2023,52,CrispSoda,Product_25,28760,East,TX,Riverside,192,75,11.59
2024,39,SparkleUp,Product_56,95126,North,FL,Lakeside,184,93,4.05
2024,14,SparkleUp,Product_86,14385,South,FL,Georgetown,156,88,5.60
2024,36,FizzCola,Product_50,56180,West,FL,Lakeside,219,85,12.08
2024,44,RefreshPlus,Product_98,56863,West,OH,Hilltown,484,75,21.44
2024,29,BubbleWave,Product_25,75106,West,FL,Georgetown,303,61,0.63
2024,24,RefreshPlus,Product_16,46484,South,NY,Lakeside,455,44,2.57
2023,43,BubbleWave,Product_6,45729,Central,IL,Riverside,71,78,11.89
2023,6,SparkleUp,Product_27,33738,Central,FL,Springfield,148,87,3.80
2024,41,CrispSoda,Product_25,11741,North,TX,Lakeside,369,28,23.11
2024,13,FizzCola,Product_8,75481,West,PA,Meadowbrook,181,88,7.62
2024,42,PopMax,Product_13,92925,West,NY,Georgetown,170,24,21.63
2023,31,SparkleUp,Product_100,27554,North,NY,Hilltown,244,19,7.63
2024,24,CrispSoda,Product_5,33195,South,FL,Lakeside,53,19,19.51
2023,15,CrispSoda,Product_77,50499,East,CA,Hilltown,470,49,22.47
2024,23,RefreshPlus,Product_76,66362,North,PA,Hilltown,202,24,1.56
2024,13,BubbleWave,Product_48,95027,North,OH,Springfield,371,81,23.44
2024,9,FizzCola,Product_68,51766,South,PA,Meadowbrook,418,58,8.45
2024,41,BubbleWave,Product_75,55198,South,OH,Hilltown,471,57,11.40
2024,46,PopMax,Product_40,52384,West,IL,Hilltown,448,28,13.29
2024,41,CrispSoda,Product_78,57389,South,CA,Riverside,196,57,14.39
2023,19,ZestDrink,Product_70,63020,South,TX,Springfield,83,63,18.45
2023,24,PopMax,Product_34,28402,North,TX,Riverside,143,21,22.62
2024,19,SparkleUp,Product_20,47804,South,OH,Hilltown,124,23,24.35
2023,8,PopMax,Product_5,86696,North,PA,Lakeside,473,85,16.43
2024,8,FizzCola,Product_8,75913,East,TX,Springfield,55,38,13.99
2023,12,FizzCola,Product_2,48039,Central,CA,Hilltown,440,94,13.40
2023,7,SparkleUp,Product_46,83863,Central,IL,Lakeside,390,44,18.79
2024,8,FizzCola,Product_96,47316,Central,CA,Hilltown,87,97,18.30
2023,28,SparkleUp,Product_66,91579,North,FL,Georgetown,225,21,24.64
2023,39,ZestDrink,Product_79,22552,West,PA,Lakeside,325,72,24.86
2023,13,PopMax,Product_4,95051,South,TX,Hilltown,317,85,15.68
2024,46,RefreshPlus,Product_9,42245,West,NY,Lakeside,485,56,14.09
2024,49,CrispSoda,Product_56,20509,East,PA,Hilltown,389,68,11.28
2023,8,ZestDrink,Product_97,66874,West,TX,Meadowbrook,181,37,5.51
2023,41,RefreshPlus,Product_79,97942,South,FL,Hilltown,134,83,24.41
2024,19,ZestDrink,Product_23,19373,West,NY,Meadowbrook,322,77,13.66
2024,13,CrispSoda,Product_23,35634,North,OH,Meadowbrook,326,82,19.82
2024,20,RefreshPlus,Product_85,72637,East,TX,Lakeside,416,73,3.18
2023,17,FizzCola,Product_45,99615,North,TX,Hilltown,112,60,16.96
2024,35,ZestDrink,Product_12,93794,South,NY,Springfield,423,93,22.65
2023,45,CrispSoda,Product_34,86729,West,IL,Riverside,428,78,17.22
2024,19,CrispSoda,Product_13,20474,North,NY,Springfield,443,60,2.66
2024,13,BubbleWave,Product_98,46463,East,NY,Springfield,275,35,11.18
2023,31,ZestDrink,Product_83,89315,Central,NY,Lakeside,293,45,1.41
2024,11,BubbleWave,Product_75,74369,Central,PA,Meadowbrook,300,51,24.91
2023,45,RefreshPlus,Product_66,25396,Central,PA,Riverside,280,13,11.31
2023,52,CrispSoda,Product_67,92018,West,TX,Meadowbrook,280,86,4.93
2024,4,ZestDrink,Product_76,29763,South,FL,Lakeside,153,52,6.96
2023,42,RefreshPlus,Product_45,74097,Central,TX,Hilltown,456,86,19.02
2023,27,FizzCola,Product_39,21113,South,TX,Riverside,383,43,9.52
2023,43,PopMax,Product_25,78219,South,PA,Lakeside,161,40,1.17
2024,30,PopMax,Product_90,44581,East,CA,Springfield,163,68,11.92
2023,40,CrispSoda,Product_12,14316,West,FL,Riverside,432,90,22.52
2024,34,CrispSoda,Product_56,45539,East,IL,Georgetown,430,19,5.90
2024,15,CrispSoda,Product_92,31346,West,FL,Georgetown,414,26,0.84
2023,50,BubbleWave,Product_58,88036,East,OH,Meadowbrook,130,46,19.94
2024,39,RefreshPlus,Product_54,85106,West,OH,Meadowbrook,138,33,2.70
2024,45,PopMax,Product_66,22895,West,FL,Hilltown,122,89,4.33
2023,49,RefreshPlus,Product_54,35132,West,CA,Riverside,333,39,13.48
2024,40,ZestDrink,Product_95,27863,North,PA,Hilltown,136,50,6.91
2023,52,BubbleWave,Product_7,29973,South,NY,Meadowbrook,494,48,9.10
2024,18,BubbleWave,Product_57,21538,West,CA,Lakeside,336,59,0.09
2023,8,SparkleUp,Product_46,24597,South,NY,Georgetown,425,93,0.52
2024,11,RefreshPlus,Product_94,80345,North,NY,Hilltown,217,81,5.26
2023,45,RefreshPlus,Product_35,82926,East,TX,Georgetown,83,23,15.27
2024,41,BubbleWave,Product_36,80220,East,TX,Meadowbrook,149,31,6.44
2023,27,RefreshPlus,Product_20,79376,West,FL,Georgetown,419,31,13.56
2024,11,RefreshPlus,Product_53,49306,East,IL,Meadowbrook,259,93,11.11
2023,5,PopMax,Product_94,20524,South,NY,Georgetown,257,90,6.85
2024,37,PopMax,Product_1,17650,Central,PA,Lakeside,261,20,0.84
2024,2,SparkleUp,Product_74,39029,Central,FL,Meadowbrook,416,77,9.84
2024,20,RefreshPlus,Product_41,14738,South,FL,Meadowbrook,474,96,1.59
2023,25,PopMax,Product_88,84508,South,CA,Lakeside,76,30,15.11
2023,1,FizzCola,Product_9,85695,Central,NY,Georgetown,495,100,2.06
2023,51,PopMax,Product_52,21725,Central,IL,Georgetown,450,100,5.14
2023,29,PopMax,Product_80,27536,Central,CA,Hilltown,195,35,13.02
2023,41,CrispSoda,Product_17,91448,South,CA,Hilltown,408,31,19.76
2024,45,SparkleUp,Product_27,22429,East,CA,Hilltown,339,67,12.30
2024,29,ZestDrink,Product_30,77944,Central,CA,Hilltown,89,16,2.50
2024,27,FizzCola,Product_33,80706,South,FL,Meadowbrook,349,66,17.39
2024,39,RefreshPlus,Product_86,63900,West,CA,Riverside,400,88,11.28
2024,23,SparkleUp,Product_14,21713,East,PA,Springfield,461,100,16.15
2024,23,RefreshPlus,Product_71,24220,West,OH,Georgetown,85,90,2.78
2024,7,BubbleWave,Product_99,76495,South,NY,Springfield,80,14,20.28
2024,37,PopMax,Product_61,35868,Central,PA,Riverside,284,30,24.15
2024,7,BubbleWave,Product_22,58470,West,FL,Lakeside,139,32,0.33
2023,50,BubbleWave,Product_32,96248,West,TX,Riverside,366,43,14.17
2024,25,PopMax,Product_56,53069,North,TX,Springfield,168,52,8.62
2024,13,RefreshPlus,Product_60,54501,South,FL,Meadowbrook,97,61,5.70
2023,43,FizzCola,Product_68,78569,South,NY,Meadowbrook,326,24,19.66
2023,14,PopMax,Product_62,89005,West,TX,Meadowbrook,341,90,6.34
2023,50,RefreshPlus,Product_98,37760,East,OH,Hilltown,405,86,21.32
2024,7,ZestDrink,Product_98,67663,South,CA,Riverside,340,24,17.28
2023,15,CrispSoda,Product_41,24015,West,CA,Georgetown,457,17,13.67
2024,14,RefreshPlus,Product_88,50584,Central,FL,Meadowbrook,433,38,19.06
2023,17,CrispSoda,Product_71,47689,West,IL,Lakeside,347,35,19.61
2023,16,SparkleUp,Product_70,21048,South,FL,Meadowbrook,313,21,2.12
2023,48,RefreshPlus,Product_88,81344,North,CA,Lakeside,274,84,11.23
2023,30,SparkleUp,Product_42,76005,West,NY,Hilltown,393,84,5.13
2024,10,FizzCola,Product_90,80800,West,TX,Springfield,197,82,21.21
2024,16,RefreshPlus,Product_34,36945,Central,TX,Springfield,194,88,12.36
2024,49,RefreshPlus,Product_54,92009,South,TX,Riverside,216,60,0.29
2023,29,PopMax,Product_71,59126,North,TX,Meadowbrook,339,22,16.27
2023,35,CrispSoda,Product_78,59636,South,NY,Hilltown,117,96,0.54
2024,47,BubbleWave,Product_40,24774,North,FL,Meadowbrook,277,98,2.05
2024,51,FizzCola,Product_10,64583,North,TX,Springfield,258,37,11.89
2023,43,SparkleUp,Product_61,26476,East,PA,Georgetown,451,84,2.39
2024,16,SparkleUp,Product_94,22720,North,IL,Hilltown,299,12,24.44
2023,21,SparkleUp,Product_62,57248,West,OH,Georgetown,190,46,22.25
2024,51,PopMax,Product_47,27115,West,FL,Riverside,172,38,7.61
2024,41,BubbleWave,Product_8,17293,East,FL,Hilltown,224,78,21.62
2024,19,RefreshPlus,Product_38,36357,Central,CA,Georgetown,349,86,14.76
2024,49,ZestDrink,Product_32,81340,West,CA,Springfield,242,83,13.21
2024,29,BubbleWave,Product_45,21063,South,CA,Georgetown,324,55,11.37
2024,35,RefreshPlus,Product_47,82635,Central,OH,Georgetown,395,33,7.10
2023,38,SparkleUp,Product_61,82612,West,PA,Springfield,382,69,3.51
2023,22,SparkleUp,Product_4,76569,Central,OH,Hilltown,98,34,4.14
2024,8,FizzCola,Product_13,14222,Central,IL,Lakeside,323,27,4.89
2024,45,FizzCola,Product_39,99584,North,IL,Springfield,482,93,6.05
2024,13,PopMax,Product_46,76601,South,TX,Riverside,139,23,23.65
2023,52,RefreshPlus,Product_15,85616,West,TX,Meadowbrook,433,16,9.04
2024,23,ZestDrink,Product_81,50287,East,PA,Hilltown,483,90,13.83
2023,39,FizzCola,Product_37,36615,West,TX,Georgetown,385,87,16.38
2024,46,RefreshPlus,Product_17,16540,West,FL,Hilltown,450,66,18.87
2024,46,BubbleWave,Product_53,62045,Central,PA,Meadowbrook,94,59,19.76
2024,41,FizzCola,Product_47,18674,East,TX,Hilltown,188,76,10.29
2023,49,FizzCola,Product_51,67731,East,TX,Hilltown,270,29,0.49
2023,50,SparkleUp,Product_49,32486,Central,OH,Lakeside,186,88,11.74
2023,39,CrispSoda,Product_54,49864,Central,FL,Georgetown,411,75,10.15
2024,15,BubbleWave,Product_100,80551,North,IL,Hilltown,292,79,7.54
2024,3,RefreshPlus,Product_71,22567,Central,NY,Lakeside,234,100,6.51
2023,8,PopMax,Product_37,20991,South,OH,Georgetown,323,38,14.24
2024,46,CrispSoda,Product_76,64750,South,OH,Hilltown,445,58,12.71
2024,44,RefreshPlus,Product_39,57777,Central,IL,Georgetown,195,28,24.56
2024,24,BubbleWave,Product_47,31128,South,NY,Springfield,213,43,2.45
2024,40,ZestDrink,Product_85,15972,West,TX,Georgetown,453,71,22.98
2024,23,FizzCola,Product_72,23371,South,NY,Lakeside,355,65,18.67
2024,9,BubbleWave,Product_46,39815,Central,CA,Georgetown,429,19,21.45
2023,24,RefreshPlus,Product_99,33023,West,IL,Georgetown,134,86,18.70
2023,40,ZestDrink,Product_14,73776,West,NY,Meadowbrook,298,26,10.07
2023,13,SparkleUp,Product_79,94803,West,IL,Meadowbrook,169,56,0.42
2024,35,SparkleUp,Product_67,96148,West,FL,Lakeside,195,87,19.99
2024,42,RefreshPlus,Product_6,42608,North,TX,Hilltown,214,69,5.15
2024,5,ZestDrink,Product_15,82035,East,CA,Lakeside,255,93,2.33
2023,48,PopMax,Product_87,15627,Central,TX,Lakeside,448,43,15.61
2024,21,RefreshPlus,Product_61,91177,West,OH,Georgetown,418,30,1.17
2023,26,FizzCola,Product_81,42646,North,FL,Lakeside,364,66,3.08
2024,27,ZestDrink,Product_63,99437,South,CA,Springfield,394,33,0.71
2024,37,SparkleUp,Product_94,85068,West,IL,Lakeside,248,42,24.64
2023,11,ZestDrink,Product_18,86596,West,PA,Lakeside,457,33,14.66
2023,1,RefreshPlus,Product_85,99204,West,OH,Riverside,479,88,8.70
2023,32,CrispSoda,Product_50,10914,East,TX,Hilltown,453,55,16.05
2024,32,RefreshPlus,Product_70,56002,North,PA,Riverside,145,28,9.06
2023,23,PopMax,Product_94,29689,North,PA,Springfield,493,74,4.29
2024,35,CrispSoda,Product_50,39696,Central,TX,Georgetown,108,59,8.22
2023,24,BubbleWave,Product_13,22284,East,FL,Riverside,114,53,7.39
2023,9,FizzCola,Product_95,78209,Central,CA,Hilltown,303,58,1.81
2024,23,ZestDrink,Product_5,10359,Central,FL,Meadowbrook,313,11,21.83
2023,15,ZestDrink,Product_90,88480,West,IL,Georgetown,394,15,16.10
2023,5,RefreshPlus,Product_58,77147,South,TX,Springfield,405,34,0.02
2023,51,PopMax,Product_40,21013,West,TX,Riverside,52,58,23.91
2023,42,PopMax,Product_88,70927,South,PA,Riverside,56,68,19.29
2024,5,ZestDrink,Product_95,64282,Central,PA,Meadowbrook,209,60,24.77
2023,18,SparkleUp,Product_13,66450,North,PA,Lakeside,496,62,11.27
2023,29,FizzCola,Product_10,67410,Central,OH,Springfield,443,14,23.16
